"","X","filename","sentence","index","date","url","filepath","candidate","shared_article"
"1",1,"america_is_always_disappointing_her_michelle_obama_trashed_for_racist_last_ditch_kamala_pitch.txt","",1,"2024-10-27","https://www.dailywire.com/news/america-is-always-disappointing-her-michelle-obama-trashed-for-racist-last-ditch-kamala-pitch","./kamala_extracted_text/america_is_always_disappointing_her_michelle_obama_trashed_for_racist_last_ditch_kamala_pitch.txt","harris",FALSE
"2",38,"ben_shapiro_breaks_down_kamala_harris_fox_news_interview_full_scale_disaster.txt","",2,"2024-10-16","https://www.dailywire.com/news/ben-shapiro-breaks-down-kamala-harris-fox-news-interview-full-scale-disaster","./kamala_extracted_text/ben_shapiro_breaks_down_kamala_harris_fox_news_interview_full_scale_disaster.txt","harris",FALSE
"3",62,"biden_harris_admin_altered_transcript_of_bidens_garbage_insult_could_have_broken_law.txt","",3,"2024-10-31","https://www.dailywire.com/news/biden-harris-admin-altered-transcript-of-bidens-garbage-insult-could-have-broken-law","./kamala_extracted_text/biden_harris_admin_altered_transcript_of_bidens_garbage_insult_could_have_broken_law.txt","harris",FALSE
"4",86,"biden_harris_admins_illegal_immigration_numbers_are_25_higher_than_reported_study.txt","",4,"2024-10-29","https://www.dailywire.com/news/biden-harris-admins-illegal-immigration-numbers-are-25-higher-than-reported-study","./kamala_extracted_text/biden_harris_admins_illegal_immigration_numbers_are_25_higher_than_reported_study.txt","harris",FALSE
"5",111,"biden_harris_judge_orders_virginia_to_put_non_citizens_back_on_voter_rolls.txt","",5,"2024-10-25","https://www.dailywire.com/news/biden-harris-judge-orders-virginia-to-put-non-citizens-back-on-voter-rolls","./kamala_extracted_text/biden_harris_judge_orders_virginia_to_put_non_citizens_back_on_voter_rolls.txt","harris",FALSE
"6",134,"biden_kamala_granting_quiet_amnesty_to_huge_number_of_illegals_report.txt","",6,"2024-10-24","https://www.dailywire.com/news/biden-kamala-granting-quiet-amnesty-to-huge-number-of-illegals-report","./kamala_extracted_text/biden_kamala_granting_quiet_amnesty_to_huge_number_of_illegals_report.txt","harris",FALSE
"7",157,"biden_on_vacation_kamala_with_beyonce_despite_israels_advance_notice_of_iran_strikes.txt","",7,"2024-10-25","https://www.dailywire.com/news/biden-on-vacation-kamala-with-beyonce-despite-israels-advance-notice-of-iran-strikes","./kamala_extracted_text/biden_on_vacation_kamala_with_beyonce_despite_israels_advance_notice_of_iran_strikes.txt","harris",FALSE
"8",189,"charles_payne_shreds_democrats_kamala_for_erasing_black_men.txt","",8,"2024-10-16","https://www.dailywire.com/news/charles-payne-shreds-democrats-kamala-for-erasing-black-men","./kamala_extracted_text/charles_payne_shreds_democrats_kamala_for_erasing_black_men.txt","harris",FALSE
"9",213,"cnn_commentator_rips_kamala_after_town_hall_a_duck_billed_platitude.txt","",9,"2024-10-25","https://www.dailywire.com/news/cnn-commentator-rips-kamala-after-town-hall-a-duck-billed-platitude","./kamala_extracted_text/cnn_commentator_rips_kamala_after_town_hall_a_duck_billed_platitude.txt","harris",FALSE
"10",235,"cnn_contributor_white_folks_must_vote_for_kamala_to_save_democracy.txt","",10,"2024-10-22","https://www.dailywire.com/news/cnn-contributor-white-folks-must-vote-for-kamala-to-save-democracy","./kamala_extracted_text/cnn_contributor_white_folks_must_vote_for_kamala_to_save_democracy.txt","harris",FALSE
"11",257,"cnn_panel_explodes_over_suggestion_kamala_was_chosen_by_dem_party_elites.txt","",11,"2024-10-25","https://www.dailywire.com/news/cnn-panel-explodes-over-suggestion-kamala-was-chosen-by-dem-party-elites","./kamala_extracted_text/cnn_panel_explodes_over_suggestion_kamala_was_chosen_by_dem_party_elites.txt","harris",FALSE
"12",286,"could_be_something_very_wrong_with_her_trump_calls_on_kamala_to_take_cognitive_test.txt","",12,"2024-10-14","https://www.dailywire.com/news/could-be-something-very-wrong-with-her-trump-calls-on-kamala-to-take-cognitive-test","./kamala_extracted_text/could_be_something_very_wrong_with_her_trump_calls_on_kamala_to_take_cognitive_test.txt","harris",TRUE
"13",305,"crime_in_philadelphia_isnt_going_anywhere_in_kamala_harris_america.txt","",13,"2024-10-31","https://www.dailywire.com/news/crime-in-philadelphia-isnt-going-anywhere-in-kamala-harris-america","./kamala_extracted_text/crime_in_philadelphia_isnt_going_anywhere_in_kamala_harris_america.txt","harris",FALSE
"14",337,"defend_our_country_imprisoned_pro_life_activists_urge_americans_to_vote_against_kamala.txt","",14,"2024-10-31","https://www.dailywire.com/news/defend-our-country-imprisoned-pro-life-activists-urge-americans-to-vote-against-kamala","./kamala_extracted_text/defend_our_country_imprisoned_pro_life_activists_urge_americans_to_vote_against_kamala.txt","harris",TRUE
"15",384,"every_21st_century_democratic_presidential_nominee_supports_restricting_free_speech.txt","",15,"2024-10-23","https://www.dailywire.com/news/every-21st-century-democratic-presidential-nominee-supports-restricting-free-speech","./kamala_extracted_text/every_21st_century_democratic_presidential_nominee_supports_restricting_free_speech.txt","harris",TRUE
"16",416,"exclusive_seven_undecided_pennsylvania_voters_say_whats_driving_their_decision.txt","",16,"2024-11-01","https://www.dailywire.com/news/exclusive-seven-undecided-pennsylvania-voters-say-whats-driving-their-decision","./kamala_extracted_text/exclusive_seven_undecided_pennsylvania_voters_say_whats_driving_their_decision.txt","harris",TRUE
"17",453,"fcc_commissioner_kamalas_snl_appearance_a_blatant_effort_to_evade_equal_time_rule.txt","",17,"2024-11-03","https://www.dailywire.com/news/fcc-commissioner-kamalas-snl-appearance-a-blatant-effort-to-evade-equal-time-rule","./kamala_extracted_text/fcc_commissioner_kamalas_snl_appearance_a_blatant_effort_to_evade_equal_time_rule.txt","harris",FALSE
"18",484,"fing_disgrace_trump_campaign_fumes_at_despicable_and_racist_kamala_ad.txt","",18,"2024-10-26","https://www.dailywire.com/news/fing-disgrace-trump-campaign-fumes-at-despicable-and-racist-kamala-ad","./kamala_extracted_text/fing_disgrace_trump_campaign_fumes_at_despicable_and_racist_kamala_ad.txt","harris",FALSE
"19",530,"harmeet_dhillon_shreds_kamalas_record_as_da.txt","",19,"2024-10-16","https://www.dailywire.com/news/harmeet-dhillon-shreds-kamalas-record-as-da","./kamala_extracted_text/harmeet_dhillon_shreds_kamalas_record_as_da.txt","harris",FALSE
"20",574,"harris_should_be_impeached.txt","",20,"2024-10-16","https://www.dailywire.com/news/harris-should-be-impeached","./kamala_extracted_text/harris_should_be_impeached.txt","harris",FALSE
"21",629,"here_are_the_things_kamala_has_supported_in_the_past_but_wont_say_if_she_supports_now.txt","",21,"2024-11-04","https://www.dailywire.com/news/here-are-the-things-kamala-has-supported-in-the-past-but-wont-say-if-she-supports-now","./kamala_extracted_text/here_are_the_things_kamala_has_supported_in_the_past_but_wont_say_if_she_supports_now.txt","harris",FALSE
"22",649,"heres_what_kamala_was_saying_about_gaza_as_sinwar_cited_white_house_pressure_to_reject_hostage_deal.txt","",22,"2024-10-22","https://www.dailywire.com/news/heres-what-kamala-was-saying-about-gaza-as-sinwar-cited-white-house-pressure-to-reject-hostage-deal","./kamala_extracted_text/heres_what_kamala_was_saying_about_gaza_as_sinwar_cited_white_house_pressure_to_reject_hostage_deal.txt","harris",FALSE
"23",677,"heres_where_trump_and_kamala_will_spend_their_final_campaign_day.txt","",23,"2024-11-04","https://www.dailywire.com/news/heres-where-trump-and-kamala-will-spend-their-final-campaign-day","./kamala_extracted_text/heres_where_trump_and_kamala_will_spend_their_final_campaign_day.txt","harris",TRUE
"24",700,"how_does_one_vote_for_someone_this_dishonest_after_sinwars_death_kamala_blasted_for_bragging.txt","",24,"2024-10-18","https://www.dailywire.com/news/how-does-one-vote-for-someone-this-dishonest-after-sinwars-death-kamala-blasted-for-bragging","./kamala_extracted_text/how_does_one_vote_for_someone_this_dishonest_after_sinwars_death_kamala_blasted_for_bragging.txt","harris",FALSE
"25",743,"how_the_kamala_camp_is_reportedly_manipulating_the_internet_to_fake_support_and_spread_lies.txt","",25,"2024-11-02","https://www.dailywire.com/news/how-the-kamala-camp-is-reportedly-manipulating-the-internet-to-fake-support-and-spread-lies","./kamala_extracted_text/how_the_kamala_camp_is_reportedly_manipulating_the_internet_to_fake_support_and_spread_lies.txt","harris",FALSE
"26",773,"jake_tapper_fact_checks_kamalas_lie_about_trumps_protect_women_remark.txt","",26,"2024-11-01","https://www.dailywire.com/news/jake-tapper-fact-checks-kamalas-lie-about-trumps-protect-women-remark","./kamala_extracted_text/jake_tapper_fact_checks_kamalas_lie_about_trumps_protect_women_remark.txt","harris",FALSE
"27",794,"joe_rogan_reveals_kamalas_demands_to_do_jre_podcast_rogan_doesnt_agree.txt","",27,"2024-10-29","https://www.dailywire.com/news/joe-rogan-reveals-kamalas-demands-to-do-jre-podcast-rogan-doesnt-agree","./kamala_extracted_text/joe_rogan_reveals_kamalas_demands_to_do_jre_podcast_rogan_doesnt_agree.txt","harris",FALSE
"28",821,"kamala_calls_trump_a_petty_tyrant_in_closing_speech_as_far_left_protests_rage.txt","",28,"2024-10-30","https://www.dailywire.com/news/kamala-calls-trump-a-petty-tyrant-in-closing-speech-as-far-left-protests-rage","./kamala_extracted_text/kamala_calls_trump_a_petty_tyrant_in_closing_speech_as_far_left_protests_rage.txt","harris",FALSE
"29",855,"kamala_campaign_implosion.txt","",29,"2024-10-14","https://www.dailywire.com/news/kamala-campaign-implosion","./kamala_extracted_text/kamala_campaign_implosion.txt","harris",FALSE
"30",885,"kamala_campaign_official_in_pennsylvania_spends_his_weekends_as_erotica_the_drag_queen.txt","",30,"2024-10-23","https://www.dailywire.com/news/kamala-campaign-official-in-pennsylvania-spends-his-weekends-as-erotica-the-drag-queen","./kamala_extracted_text/kamala_campaign_official_in_pennsylvania_spends_his_weekends_as_erotica_the_drag_queen.txt","harris",FALSE
"31",914,"kamala_campaign_quietly_concedes_plan_for_black_men_is_actually_not_limited_by_race.txt","",31,"2024-10-16","https://www.dailywire.com/news/kamala-campaign-quietly-concedes-plan-for-black-men-is-actually-not-limited-by-race","./kamala_extracted_text/kamala_campaign_quietly_concedes_plan_for_black_men_is_actually_not_limited_by_race.txt","harris",FALSE
"32",945,"kamala_camp_scrambles_to_navigate_cracks_in_the_blue_wall.txt","",32,"2024-10-22","https://www.dailywire.com/news/kamala-camp-scrambles-to-navigate-cracks-in-the-blue-wall","./kamala_extracted_text/kamala_camp_scrambles_to_navigate_cracks_in_the_blue_wall.txt","harris",FALSE
"33",977,"kamala_claims_highlighting_her_exact_words_is_disinformation.txt","",33,"2024-10-29","https://www.dailywire.com/news/kamala-claims-highlighting-her-exact-words-is-disinformation","./kamala_extracted_text/kamala_claims_highlighting_her_exact_words_is_disinformation.txt","harris",FALSE
"34",1002,"kamala_claims_inflation_crisis_she_sparked_is_not_a_partisan_issue.txt","",34,"2024-10-28","https://www.dailywire.com/news/kamala-claims-inflation-crisis-she-sparked-is-not-a-partisan-issue","./kamala_extracted_text/kamala_claims_inflation_crisis_she_sparked_is_not_a_partisan_issue.txt","harris",FALSE
"35",1025,"kamala_crowd_goes_silent_at_rally_in_viral_clip.txt","",35,"2024-10-29","https://www.dailywire.com/news/kamala-crowd-goes-silent-at-rally-in-viral-clip","./kamala_extracted_text/kamala_crowd_goes_silent_at_rally_in_viral_clip.txt","harris",FALSE
"36",1058,"kamala_disappointed_numerous_major_newspapers_did_not_endorse_her.txt","",36,"2024-10-29","https://www.dailywire.com/news/kamala-disappointed-numerous-major-newspapers-did-not-endorse-her","./kamala_extracted_text/kamala_disappointed_numerous_major_newspapers_did_not_endorse_her.txt","harris",FALSE
"37",1082,"kamala_evades_question_about_supporting_trans_rights.txt","",37,"2024-10-22","https://www.dailywire.com/news/kamala-evades-question-about-supporting-trans-rights","./kamala_extracted_text/kamala_evades_question_about_supporting_trans_rights.txt","harris",FALSE
"38",1113,"kamala_harris_fumes_when_confronted_over_covering_up_bidens_cognitive_decline.txt","",38,"2024-10-16","https://www.dailywire.com/news/kamala-harris-fumes-when-confronted-over-covering-up-bidens-cognitive-decline","./kamala_extracted_text/kamala_harris_fumes_when_confronted_over_covering_up_bidens_cognitive_decline.txt","harris",FALSE
"39",1140,"kamala_harris_plagiarist.txt","",39,"2024-10-15","https://www.dailywire.com/news/kamala-harris-plagiarist","./kamala_extracted_text/kamala_harris_plagiarist.txt","harris",FALSE
"40",1176,"kamala_harris_plagiarized_sections_of_2009_book_report.txt","",40,"2024-10-14","https://www.dailywire.com/news/kamala-harris-plagiarized-sections-of-2009-book-report","./kamala_extracted_text/kamala_harris_plagiarized_sections_of_2009_book_report.txt","harris",FALSE
"41",1200,"kamala_harris_unserious_campaign.txt","",41,"2024-10-22","https://www.dailywire.com/news/kamala-harris-unserious-campaign","./kamala_extracted_text/kamala_harris_unserious_campaign.txt","harris",FALSE
"42",1231,"kamala_has_ties_to_iran_praising_hezbollah_supporting_imam.txt","",42,"2024-10-14","https://www.dailywire.com/news/kamala-has-ties-to-iran-praising-hezbollah-supporting-imam","./kamala_extracted_text/kamala_has_ties_to_iran_praising_hezbollah_supporting_imam.txt","harris",FALSE
"43",1252,"kamala_mocks_trump_for_stopping_town_hall_after_2_attendees_have_medical_emergencies.txt","",43,"2024-10-15","https://www.dailywire.com/news/kamala-mocks-trump-for-stopping-town-hall-after-2-attendees-have-medical-emergencies","./kamala_extracted_text/kamala_mocks_trump_for_stopping_town_hall_after_2_attendees_have_medical_emergencies.txt","harris",FALSE
"44",1285,"kamala_once_threatened_to_jail_oil_executives_they_need_to_pay_the_price.txt","",44,"2024-10-16","https://www.dailywire.com/news/kamala-once-threatened-to-jail-oil-executives-they-need-to-pay-the-price","./kamala_extracted_text/kamala_once_threatened_to_jail_oil_executives_they_need_to_pay_the_price.txt","harris",FALSE
"45",1317,"kamala_on_why_she_cant_say_what_shed_do_differently_than_biden_vps_not_critical_of_their_presidents.txt","",45,"2024-10-18","https://www.dailywire.com/news/kamala-on-why-she-cant-say-what-shed-do-differently-than-biden-vps-not-critical-of-their-presidents","./kamala_extracted_text/kamala_on_why_she_cant_say_what_shed_do_differently_than_biden_vps_not_critical_of_their_presidents.txt","harris",FALSE
"46",1344,"kamala_refuses_to_say_how_she_voted_on_crime_fighting_measure_in_california.txt","",46,"2024-11-03","https://www.dailywire.com/news/kamala-refuses-to-say-how-she-voted-on-crime-fighting-measure-in-california","./kamala_extracted_text/kamala_refuses_to_say_how_she_voted_on_crime_fighting_measure_in_california.txt","harris",FALSE
"47",1371,"kamala_ripped_for_agreeing_with_far_left_protester_about_genocide_in_gaza.txt","",47,"2024-10-20","https://www.dailywire.com/news/kamala-ripped-for-agreeing-with-far-left-protester-about-genocide-in-gaza","./kamala_extracted_text/kamala_ripped_for_agreeing_with_far_left_protester_about_genocide_in_gaza.txt","harris",FALSE
"48",1401,"kamala_running_pro_palestinian_ads_in_michigan_pro_israel_ads_in_pennsylvania.txt","",48,"2024-11-04","https://www.dailywire.com/news/kamala-running-pro-palestinian-ads-in-michigan-pro-israel-ads-in-pennsylvania","./kamala_extracted_text/kamala_running_pro_palestinian_ads_in_michigan_pro_israel_ads_in_pennsylvania.txt","harris",FALSE
"49",1427,"kamala_says_shell_enforce_border_laws_her_admin_gave_1_2_million_to_group_that_wants_to_end_them.txt","",49,"2024-10-22","https://www.dailywire.com/news/kamala-says-shell-enforce-border-laws-her-admin-gave-1-2-million-to-group-that-wants-to-end-them","./kamala_extracted_text/kamala_says_shell_enforce_border_laws_her_admin_gave_1_2_million_to_group_that_wants_to_end_them.txt","harris",FALSE
"50",1455,"kamalas_campaign_is_flawless_media_to_blame_for_not_fawning_enough_sunny_hostin.txt","",50,"2024-10-14","https://www.dailywire.com/news/kamalas-campaign-is-flawless-media-to-blame-for-not-fawning-enough-sunny-hostin","./kamala_extracted_text/kamalas_campaign_is_flawless_media_to_blame_for_not_fawning_enough_sunny_hostin.txt","harris",FALSE
"51",1479,"kamalas_campaign_outraised_team_trump_3_to_1_in_september.txt","",51,"2024-10-21","https://www.dailywire.com/news/kamalas-campaign-outraised-team-trump-3-to-1-in-september","./kamala_extracted_text/kamalas_campaign_outraised_team_trump_3_to_1_in_september.txt","harris",TRUE
"52",1498,"kamalas_desperate_final_plea_vote_for_me_or_youre_sexist.txt","",52,"2024-10-23","https://www.dailywire.com/news/kamalas-desperate-final-plea-vote-for-me-or-youre-sexist","./kamala_extracted_text/kamalas_desperate_final_plea_vote_for_me_or_youre_sexist.txt","harris",FALSE
"53",1546,"kamala_set_for_surprise_appearance_on_saturday_night_live.txt","",53,"2024-11-02","https://www.dailywire.com/news/kamala-set-for-surprise-appearance-on-saturday-night-live","./kamala_extracted_text/kamala_set_for_surprise_appearance_on_saturday_night_live.txt","harris",FALSE
"54",1569,"kamala_signals_shes_open_to_spending_trillions_on_racial_reparations.txt","",54,"2024-10-15","https://www.dailywire.com/news/kamala-signals-shes-open-to-spending-trillions-on-racial-reparations","./kamala_extracted_text/kamala_signals_shes_open_to_spending_trillions_on_racial_reparations.txt","harris",FALSE
"55",1597,"kamalas_pathetic_plan_to_bribe_black_voters_with_reparations_and_marijuana.txt","",55,"2024-10-16","https://www.dailywire.com/news/kamalas-pathetic-plan-to-bribe-black-voters-with-reparations-and-marijuana","./kamala_extracted_text/kamalas_pathetic_plan_to_bribe_black_voters_with_reparations_and_marijuana.txt","harris",FALSE
"56",1655,"kamalas_staged_hurricane_call_to_florida_mayor_was_edited_to_remove_self_praise_report.txt","",56,"2024-10-18","https://www.dailywire.com/news/kamalas-staged-hurricane-call-to-florida-mayor-was-edited-to-remove-self-praise-report","./kamala_extracted_text/kamalas_staged_hurricane_call_to_florida_mayor_was_edited_to_remove_self_praise_report.txt","harris",FALSE
"57",1682,"kamalas_wins_viral_source_of_pro_kamala_misinformation_was_launched_by_biden_admin_employee.txt","",57,"2024-10-15","https://www.dailywire.com/news/kamalas-wins-viral-source-of-pro-kamala-misinformation-was-launched-by-biden-admin-employee","./kamala_extracted_text/kamalas_wins_viral_source_of_pro_kamala_misinformation_was_launched_by_biden_admin_employee.txt","harris",FALSE
"58",1718,"kamala_town_hall_attendees_barred_from_asking_questions_all_pre_determined.txt","",58,"2024-10-22","https://www.dailywire.com/news/kamala-town-hall-attendees-barred-from-asking-questions-all-pre-determined","./kamala_extracted_text/kamala_town_hall_attendees_barred_from_asking_questions_all_pre_determined.txt","harris",FALSE
"59",1750,"kamala_voter_made_really_important_point_that_trump_may_put_minorities_in_camps.txt","",59,"2024-10-15","https://www.dailywire.com/news/kamala-voter-made-really-important-point-that-trump-may-put-minorities-in-camps","./kamala_extracted_text/kamala_voter_made_really_important_point_that_trump_may_put_minorities_in_camps.txt","harris",FALSE
"60",1774,"kamala_was_the_chief_cheerleader_cnn_pundit_torches_veep_for_her_role_in_biden_cover_up.txt","",60,"2024-10-15","https://www.dailywire.com/news/kamala-was-the-chief-cheerleader-cnn-pundit-torches-veep-for-her-role-in-biden-cover-up","./kamala_extracted_text/kamala_was_the_chief_cheerleader_cnn_pundit_torches_veep_for_her_role_in_biden_cover_up.txt","harris",FALSE
"61",1798,"liberals_are_exploiting_this_loophole_to_flood_swing_states_with_dark_money.txt","",61,"2024-10-21","https://www.dailywire.com/news/liberals-are-exploiting-this-loophole-to-flood-swing-states-with-dark-money","./kamala_extracted_text/liberals_are_exploiting_this_loophole_to_flood_swing_states_with_dark_money.txt","harris",FALSE
"62",1826,"liberal_super_pac_warns_kamala_calling_trump_a_fascist_isnt_persuasive.txt","",62,"2024-10-29","https://www.dailywire.com/news/liberal-super-pac-warns-kamala-calling-trump-a-fascist-isnt-persuasive","./kamala_extracted_text/liberal_super_pac_warns_kamala_calling_trump_a_fascist_isnt_persuasive.txt","harris",FALSE
"63",1846,"los_angeles_times_snubs_kamala_wont_endorse_in_2024_white_house_race.txt","",63,"2024-10-22","https://www.dailywire.com/news/los-angeles-times-snubs-kamala-wont-endorse-in-2024-white-house-race","./kamala_extracted_text/los_angeles_times_snubs_kamala_wont_endorse_in_2024_white_house_race.txt","harris",FALSE
"64",1867,"majority_of_americans_say_kamala_harris_hasnt_clearly_explained_immigration_stance.txt","",64,"2024-10-14","https://www.dailywire.com/news/majority-of-americans-say-kamala-harris-hasnt-clearly-explained-immigration-stance","./kamala_extracted_text/majority_of_americans_say_kamala_harris_hasnt_clearly_explained_immigration_stance.txt","harris",FALSE
"65",1885,"msnbc_anchor_shocked_by_brutal_responses_from_black_voters_in_philadelphia_about_kamala.txt","",65,"2024-10-24","https://www.dailywire.com/news/msnbc-anchor-shocked-by-brutal-responses-from-black-voters-in-philadelphia-about-kamala","./kamala_extracted_text/msnbc_anchor_shocked_by_brutal_responses_from_black_voters_in_philadelphia_about_kamala.txt","harris",FALSE
"66",1912,"my_completely_unprejudiced_rundown_on_why_kamala_harris_sucks.txt","",66,"2024-10-25","https://www.dailywire.com/news/my-completely-unprejudiced-rundown-on-why-kamala-harris-sucks","./kamala_extracted_text/my_completely_unprejudiced_rundown_on_why_kamala_harris_sucks.txt","harris",FALSE
"67",1937,"new_york_times_ignored_examples_of_kamalas_plagiarism_withheld_them_from_cited_expert.txt","",67,"2024-10-15","https://www.dailywire.com/news/new-york-times-ignored-examples-of-kamalas-plagiarism-withheld-them-from-cited-expert","./kamala_extracted_text/new_york_times_ignored_examples_of_kamalas_plagiarism_withheld_them_from_cited_expert.txt","harris",FALSE
"68",1976,"non_citizen_illegal_alien_voting_could_deliver_key_swing_states_to_harris_study_finds.txt","",68,"2024-10-23","https://www.dailywire.com/news/non-citizen-illegal-alien-voting-could-deliver-key-swing-states-to-harris-study-finds","./kamala_extracted_text/non_citizen_illegal_alien_voting_could_deliver_key_swing_states_to_harris_study_finds.txt","harris",FALSE
"69",2003,"not_encouraging_nyt_warns_kamala_in_trouble_as_poll_finds_her_tied_with_trump_topStoryPosition_1.txt","",69,"2024-10-25","https://www.dailywire.com/news/not-encouraging-nyt-warns-kamala-in-trouble-as-poll-finds-her-tied-with-trump?topStoryPosition=1","./kamala_extracted_text/not_encouraging_nyt_warns_kamala_in_trouble_as_poll_finds_her_tied_with_trump_topStoryPosition_1.txt","harris",FALSE
"70",2024,"publisher_in_damage_control_mode_after_report_detailing_kamalas_alleged_plagiarism.txt","",70,"2024-10-14","https://www.dailywire.com/news/publisher-in-damage-control-mode-after-report-detailing-kamalas-alleged-plagiarism","./kamala_extracted_text/publisher_in_damage_control_mode_after_report_detailing_kamalas_alleged_plagiarism.txt","harris",FALSE
"71",2065,"race_to_the_middle_which_candidate_resonates_more_with_middle_america.txt","",71,"2024-10-26","https://www.dailywire.com/news/race-to-the-middle-which-candidate-resonates-more-with-middle-america","./kamala_extracted_text/race_to_the_middle_which_candidate_resonates_more_with_middle_america.txt","harris",TRUE
"72",2102,"religious_freedom_defenders_tear_into_kamala_for_denying_religious_exemptions_to_abortions.txt","",72,"2024-10-23","https://www.dailywire.com/news/religious-freedom-defenders-tear-into-kamala-for-denying-religious-exemptions-to-abortions","./kamala_extracted_text/religious_freedom_defenders_tear_into_kamala_for_denying_religious_exemptions_to_abortions.txt","harris",FALSE
"73",2132,"shiny_kamala_mocked_over_appearance_at_semiconductor_factory.txt","",73,"2024-10-29","https://www.dailywire.com/news/shiny-kamala-mocked-over-appearance-at-semiconductor-factory","./kamala_extracted_text/shiny_kamala_mocked_over_appearance_at_semiconductor_factory.txt","harris",FALSE
"74",2181,"spin_cycle_kamala_surrogates_explain_away_her_man_problem.txt","",74,"2024-10-14","https://www.dailywire.com/news/spin-cycle-kamala-surrogates-explain-away-her-man-problem","./kamala_extracted_text/spin_cycle_kamala_surrogates_explain_away_her_man_problem.txt","harris",FALSE
"75",2235,"st_kamala_tries_to_laugh_off_hot_mic_moment_at_a_bar_with_gretchen_whitmer.txt","",75,"2024-10-27","https://www.dailywire.com/news/st-kamala-tries-to-laugh-off-hot-mic-moment-at-a-bar-with-gretchen-whitmer","./kamala_extracted_text/st_kamala_tries_to_laugh_off_hot_mic_moment_at_a_bar_with_gretchen_whitmer.txt","harris",FALSE
"76",2263,"team_kamala_angry_at_biden_for_not_thinking_of_campaign_before_praising_desantis.txt","",76,"2024-10-14","https://www.dailywire.com/news/team-kamala-angry-at-biden-for-not-thinking-of-campaign-before-praising-desantis","./kamala_extracted_text/team_kamala_angry_at_biden_for_not_thinking_of_campaign_before_praising_desantis.txt","harris",FALSE
"77",2286,"terrified_as_her_numbers_among_black_men_dive_kamala_rolls_out_plan_for_them.txt","",77,"2024-10-14","https://www.dailywire.com/news/terrified-as-her-numbers-among-black-men-dive-kamala-rolls-out-plan-for-them","./kamala_extracted_text/terrified_as_her_numbers_among_black_men_dive_kamala_rolls_out_plan_for_them.txt","harris",FALSE
"78",2309,"the_2009_book_was_not_the_only_thing_kamala_plagiarized.txt","",78,"2024-10-22","https://www.dailywire.com/news/2009-book-was-not-the-only-thing-kamala-plagiarized","./kamala_extracted_text/the_2009_book_was_not_the_only_thing_kamala_plagiarized.txt","harris",FALSE
"79",2342,"the_85_of_voters_want_cbs_news_to_release_transcript_of_kamalas_60_minutes_interview.txt","",79,"2024-10-15","https://www.dailywire.com/news/85-of-voters-want-cbs-news-to-release-transcript-of-kamalas-60-minutes-interview","./kamala_extracted_text/the_85_of_voters_want_cbs_news_to_release_transcript_of_kamalas_60_minutes_interview.txt","harris",FALSE
"80",2370,"the_dei_candidate_matt_walsh_blasts_kamala_calls_out_dems_race_obsession.txt","",80,"2024-10-29","https://www.dailywire.com/news/the-dei-candidate-matt-walsh-blasts-kamala-calls-out-dems-race-obsession","./kamala_extracted_text/the_dei_candidate_matt_walsh_blasts_kamala_calls_out_dems_race_obsession.txt","harris",FALSE
"81",2391,"the_faithful_should_fear_a_kamala_presidency.txt","",81,"2024-11-03","https://www.dailywire.com/news/the-faithful-should-fear-a-kamala-presidency","./kamala_extracted_text/the_faithful_should_fear_a_kamala_presidency.txt","harris",FALSE
"82",2432,"the_lefts_betrayal_of_the_first_amendment.txt","",82,"2024-10-23","https://www.dailywire.com/news/the-lefts-betrayal-of-the-first-amendment","./kamala_extracted_text/the_lefts_betrayal_of_the_first_amendment.txt","harris",FALSE
"83",2464,"the_most_absurd_dei_moments_under_biden_harris.txt","",83,"2024-11-01","https://www.dailywire.com/news/the-most-absurd-dei-moments-under-biden-harris","./kamala_extracted_text/the_most_absurd_dei_moments_under_biden_harris.txt","harris",FALSE
"84",2504,"the_talking_points_have_been_disseminated_media_swoops_in_to_defend_kamala_in_lock_step.txt","",84,"2024-10-17","https://www.dailywire.com/news/the-talking-points-have-been-disseminated-media-swoops-in-to-defend-kamala-in-lock-step","./kamala_extracted_text/the_talking_points_have_been_disseminated_media_swoops_in_to_defend_kamala_in_lock_step.txt","harris",FALSE
"85",2541,"the_view_hosts_try_to_spin_kamalas_fox_news_interview_that_was_not_fair_and_balanced.txt","",85,"2024-10-17","https://www.dailywire.com/news/the-view-hosts-try-to-spin-kamalas-fox-news-interview-that-was-not-fair-and-balanced","./kamala_extracted_text/the_view_hosts_try_to_spin_kamalas_fox_news_interview_that_was_not_fair_and_balanced.txt","harris",FALSE
"86",2579,"top_bloomberg_editor_calls_out_kamala_for_declining_interview.txt","",86,"2024-10-15","https://www.dailywire.com/news/top-bloomberg-editor-calls-out-kamala-for-declining-interview","./kamala_extracted_text/top_bloomberg_editor_calls_out_kamala_for_declining_interview.txt","harris",FALSE
"87",2610,"totally_incompetent_trump_reiterates_call_for_kamala_to_take_cognitive_test_after_fox_interview.txt","",87,"2024-10-17","https://www.dailywire.com/news/totally-incompetent-trump-reiterates-call-for-kamala-to-take-cognitive-test-after-fox-interview","./kamala_extracted_text/totally_incompetent_trump_reiterates_call_for_kamala_to_take_cognitive_test_after_fox_interview.txt","harris",TRUE
"88",2632,"trump_fec_complaint_alleges_washington_post_illegally_boosted_kamala.txt","",88,"2024-11-01","https://www.dailywire.com/news/trump-fec-complaint-alleges-washington-post-illegally-boosted-kamala","./kamala_extracted_text/trump_fec_complaint_alleges_washington_post_illegally_boosted_kamala.txt","harris",FALSE
"89",2657,"trumps_cruising_kamalas_crashing.txt","",89,"2024-10-21","https://www.dailywire.com/news/trumps-cruising-kamalas-crashing","./kamala_extracted_text/trumps_cruising_kamalas_crashing.txt","harris",TRUE
"90",2699,"watch_kamala_voters_say_trump_supporters_are_nazis_want_trump_in_prison.txt","",90,"2024-11-03","https://www.dailywire.com/news/watch-kamala-voters-say-trump-supporters-are-nazis-want-trump-in-prison","./kamala_extracted_text/watch_kamala_voters_say_trump_supporters_are_nazis_want_trump_in_prison.txt","harris",FALSE
"91",2725,"watch_michael_knowles_gives_eight_reasons_why_not_to_vote_for_kamala.txt","",91,"2024-11-04","https://www.dailywire.com/news/watch-michael-knowles-gives-eight-reasons-why-not-to-vote-for-kamala","./kamala_extracted_text/watch_michael_knowles_gives_eight_reasons_why_not_to_vote_for_kamala.txt","harris",FALSE
"92",2770,"weird_science_kamala_answers_question_about_trump_and_race_with_astronomy_lesson.txt","",92,"2024-10-14","https://www.dailywire.com/news/weird-science-kamala-answers-question-about-trump-and-race-with-astronomy-lesson","./kamala_extracted_text/weird_science_kamala_answers_question_about_trump_and_race_with_astronomy_lesson.txt","harris",FALSE
"93",2795,"what_trump_and_kamala_campaigns_are_saying_about_their_internal_data_in_the_final_stretch.txt","",93,"2024-11-04","https://www.dailywire.com/news/what-trump-and-kamala-campaigns-are-saying-about-their-internal-data-in-the-final-stretch","./kamala_extracted_text/what_trump_and_kamala_campaigns_are_saying_about_their_internal_data_in_the_final_stretch.txt","harris",FALSE
"94",2822,"when_everyone_is_hitler_no_one_is_hitler.txt","",94,"2024-10-29","https://www.dailywire.com/news/when-everyone-is-hitler-no-one-is-hitler","./kamala_extracted_text/when_everyone_is_hitler_no_one_is_hitler.txt","harris",FALSE
"95",2850,"where_the_f_were_you_emhoff_says_kamala_berated_him_for_being_in_spin_class_when_biden_dropped_out.txt","",95,"2024-10-16","https://www.dailywire.com/news/where-the-f-were-you-emhoff-says-kamala-berated-him-for-being-in-spin-class-when-biden-dropped-out","./kamala_extracted_text/where_the_f_were_you_emhoff_says_kamala_berated_him_for_being_in_spin_class_when_biden_dropped_out.txt","harris",FALSE
"96",2882,"why_kamala_harris_is_a_perfect_poster_child_for_whats_wrong_with_dei.txt","",96,"2024-10-22","https://www.dailywire.com/news/why-kamala-harris-is-a-perfect-poster-child-for-whats-wrong-with-dei","./kamala_extracted_text/why_kamala_harris_is_a_perfect_poster_child_for_whats_wrong_with_dei.txt","harris",FALSE
"97",2912,"all_of_the_democrats_october_surprises_against_trump_have_fallen_apart.txt","",1,"2024-10-24","https://www.dailywire.com/news/all-of-the-democrats-october-surprises-against-trump-have-fallen-apart","./trump_extracted_text/all_of_the_democrats_october_surprises_against_trump_have_fallen_apart.txt","trump",FALSE
"98",2951,"ben_shapiro_relays_personal_story_about_crime_to_explain_failed_media_attacks_on_trump.txt","",2,"2024-10-23","https://www.dailywire.com/news/ben-shapiro-relays-personal-story-about-crime-to-explain-failed-media-attacks-on-trump","./trump_extracted_text/ben_shapiro_relays_personal_story_about_crime_to_explain_failed_media_attacks_on_trump.txt","trump",FALSE
"99",2981,"betting_market_shows_trump_leading_harris_in_6_swing_states.txt","",3,"2024-10-16","https://www.dailywire.com/news/betting-market-shows-trump-leading-harris-in-6-swing-states","./trump_extracted_text/betting_market_shows_trump_leading_harris_in_6_swing_states.txt","trump",FALSE
"100",3008,"biden_maga_republicans_are_the_kind_of_guys_youd_like_to_smack_in_the_a.txt","",4,"2024-11-02","https://www.dailywire.com/news/biden-maga-republicans-are-the-kind-of-guys-youd-like-to-smack-in-the-a","./trump_extracted_text/biden_maga_republicans_are_the_kind_of_guys_youd_like_to_smack_in_the_a.txt","trump",FALSE
"101",3048,"cnn_fact_checks_walzs_lie_about_loss_of_jobs_under_trump.txt","",5,"2024-10-22","https://www.dailywire.com/news/cnn-fact-checks-walzs-lie-about-loss-of-jobs-under-trump","./trump_extracted_text/cnn_fact_checks_walzs_lie_about_loss_of_jobs_under_trump.txt","trump",FALSE
"102",3076,"could_be_something_very_wrong_with_her_trump_calls_on_kamala_to_take_cognitive_test.txt","",6,"2024-10-14","https://www.dailywire.com/news/could-be-something-very-wrong-with-her-trump-calls-on-kamala-to-take-cognitive-test","./trump_extracted_text/could_be_something_very_wrong_with_her_trump_calls_on_kamala_to_take_cognitive_test.txt","trump",TRUE
"103",3095,"dave_portnoy_megyn_kelly_slam_pearl_clutching_about_trump_mcdonalds_visit.txt","",7,"2024-10-21","https://www.dailywire.com/news/dave-portnoy-megyn-kelly-slam-pearl-clutching-about-trump-mcdonalds-visit","./trump_extracted_text/dave_portnoy_megyn_kelly_slam_pearl_clutching_about_trump_mcdonalds_visit.txt","trump",FALSE
"104",3120,"days_before_election_media_launches_desperate_anti_trump_hoax.txt","",8,"2024-10-24","https://www.dailywire.com/news/days-before-election-media-launches-desperate-anti-trump-hoax","./trump_extracted_text/days_before_election_media_launches_desperate_anti_trump_hoax.txt","trump",FALSE
"105",3180,"defend_our_country_imprisoned_pro_life_activists_urge_americans_to_vote_against_kamala.txt","",9,"2024-10-31","https://www.dailywire.com/news/defend-our-country-imprisoned-pro-life-activists-urge-americans-to-vote-against-kamala","./trump_extracted_text/defend_our_country_imprisoned_pro_life_activists_urge_americans_to_vote_against_kamala.txt","trump",TRUE
"106",3227,"democrat_man_who_uses_she_her_pronouns_arrested_for_allegedly_threatening_to_kill_trump.txt","",10,"2024-10-29","https://www.dailywire.com/news/democrat-man-who-uses-she-her-pronouns-arrested-for-allegedly-threatening-to-kill-trump","./trump_extracted_text/democrat_man_who_uses_she_her_pronouns_arrested_for_allegedly_threatening_to_kill_trump.txt","trump",FALSE
"107",3259,"economic_guru_dave_ramsey_backs_trump_has_strong_message_for_the_haters.txt","",11,"2024-10-19","https://www.dailywire.com/news/economic-guru-dave-ramsey-backs-trump-has-strong-message-for-the-haters","./trump_extracted_text/economic_guru_dave_ramsey_backs_trump_has_strong_message_for_the_haters.txt","trump",FALSE
"108",3288,"every_21st_century_democratic_presidential_nominee_supports_restricting_free_speech.txt","",12,"2024-10-23","https://www.dailywire.com/news/every-21st-century-democratic-presidential-nominee-supports-restricting-free-speech","./trump_extracted_text/every_21st_century_democratic_presidential_nominee_supports_restricting_free_speech.txt","trump",TRUE
"109",3320,"exclusive_seven_undecided_pennsylvania_voters_say_whats_driving_their_decision.txt","",13,"2024-11-01","https://www.dailywire.com/news/exclusive-seven-undecided-pennsylvania-voters-say-whats-driving-their-decision","./trump_extracted_text/exclusive_seven_undecided_pennsylvania_voters_say_whats_driving_their_decision.txt","trump",TRUE
"110",3357,"fewer_americans_believe_trump_threatened_democracy_after_2020_election_poll.txt","",14,"2024-10-30","https://www.dailywire.com/news/fewer-americans-believe-trump-threatened-democracy-after-2020-election-poll","./trump_extracted_text/fewer_americans_believe_trump_threatened_democracy_after_2020_election_poll.txt","trump",FALSE
"111",3377,"four_days_to_go_democrat_desperation.txt","",15,"2024-11-01","https://www.dailywire.com/news/four-days-to-go-democrat-desperation","./trump_extracted_text/four_days_to_go_democrat_desperation.txt","trump",FALSE
"112",3438,"happy_all_saints_day_trump_promotes_another_catholic_feast_day.txt","",16,"2024-11-01","https://www.dailywire.com/news/happy-all-saints-day-trump-promotes-another-catholic-feast-day","./trump_extracted_text/happy_all_saints_day_trump_promotes_another_catholic_feast_day.txt","trump",FALSE
"113",3469,"he_blew_it_trump_rips_biden_for_saying_lock_him_up.txt","",17,"2024-10-24","https://www.dailywire.com/news/he-blew-it-trump-rips-biden-for-saying-lock-him-up","./trump_extracted_text/he_blew_it_trump_rips_biden_for_saying_lock_him_up.txt","trump",FALSE
"114",3502,"heres_where_trump_and_kamala_will_spend_their_final_campaign_day.txt","",18,"2024-11-04","https://www.dailywire.com/news/heres-where-trump-and-kamala-will-spend-their-final-campaign-day","./trump_extracted_text/heres_where_trump_and_kamala_will_spend_their_final_campaign_day.txt","trump",TRUE
"115",3525,"hillary_clinton_compares_trump_campaign_event_to_nazi_rally.txt","",19,"2024-10-25","https://www.dailywire.com/news/hillary-clinton-compares-trump-campaign-event-to-nazi-rally","./trump_extracted_text/hillary_clinton_compares_trump_campaign_event_to_nazi_rally.txt","trump",FALSE
"116",3548,"hillary_clinton_voters_see_trump_as_strong_believe_he_offers_better_future_for_them.txt","",20,"2024-10-25","https://www.dailywire.com/news/hillary-clinton-voters-see-trump-as-strong-believe-he-offers-better-future-for-them","./trump_extracted_text/hillary_clinton_voters_see_trump_as_strong_believe_he_offers_better_future_for_them.txt","trump",FALSE
"117",3572,"house_finds_secret_service_responsible_for_preventable_trump_assassination_attempt.txt","",21,"2024-10-21","https://www.dailywire.com/news/house-finds-secret-service-responsible-for-preventable-trump-assassination-attempt","./trump_extracted_text/house_finds_secret_service_responsible_for_preventable_trump_assassination_attempt.txt","trump",FALSE
"118",3598,"how_dare_we_speak_merry_christmas_trump_team_posts_kamala_flashback_promises_christmas_cheer.txt","",22,"2024-11-04","https://www.dailywire.com/news/how-dare-we-speak-merry-christmas-trump-team-posts-kamala-flashback-promises-christmas-cheer","./trump_extracted_text/how_dare_we_speak_merry_christmas_trump_team_posts_kamala_flashback_promises_christmas_cheer.txt","trump",FALSE
"119",3630,"how_trump_learned_to_embrace_the_transgender_culture_wars.txt","",23,"2024-10-30","https://www.dailywire.com/news/how-trump-learned-to-embrace-the-transgender-culture-wars","./trump_extracted_text/how_trump_learned_to_embrace_the_transgender_culture_wars.txt","trump",FALSE
"120",3748,"if_that_sticks_at_election_day_nyt_poll_shows_trump_polling_over_20_with_black_voters.txt","",24,"2024-10-21","https://www.dailywire.com/news/if-that-sticks-at-election-day-nyt-poll-shows-trump-polling-over-20-with-black-voters","./trump_extracted_text/if_that_sticks_at_election_day_nyt_poll_shows_trump_polling_over_20_with_black_voters.txt","trump",FALSE
"121",3778,"in_final_days_trump_guns_for_battleground_states.txt","",25,"2024-11-01","https://www.dailywire.com/news/in-final-days-trump-guns-for-battleground-states","./trump_extracted_text/in_final_days_trump_guns_for_battleground_states.txt","trump",FALSE
"122",3809,"inside_leonard_leos_plan_for_conservatives_to_crush_liberal_dominance.txt","",26,"2024-10-20","https://www.dailywire.com/news/inside-leonard-leos-plan-for-conservatives-to-crush-liberal-dominance","./trump_extracted_text/inside_leonard_leos_plan_for_conservatives_to_crush_liberal_dominance.txt","trump",FALSE
"123",3864,"ive_got_the_easiest_job_in_american_politics_jd_vance_primes_rally_crowd_for_trump_at_msg.txt","",27,"2024-10-27","https://www.dailywire.com/news/ive-got-the-easiest-job-in-american-politics-jd-vance-primes-rally-crowd-for-trump-at-msg","./trump_extracted_text/ive_got_the_easiest_job_in_american_politics_jd_vance_primes_rally_crowd_for_trump_at_msg.txt","trump",FALSE
"124",3896,"jake_paul_endorses_trump_explains_why.txt","",28,"2024-10-31","https://www.dailywire.com/news/jake-paul-endorses-trump-explains-why","./trump_extracted_text/jake_paul_endorses_trump_explains_why.txt","trump",FALSE
"125",3922,"jd_vance_dismantles_kamalas_disastrous_interview_with_bret_baier.txt","",29,"2024-10-17","https://www.dailywire.com/news/jd-vance-dismantles-kamalas-disastrous-interview-with-bret-baier","./trump_extracted_text/jd_vance_dismantles_kamalas_disastrous_interview_with_bret_baier.txt","trump",FALSE
"126",3946,"jd_vance_dont_trust_the_polls.txt","",30,"2024-10-23","https://www.dailywire.com/news/jd-vance-dont-trust-the-polls","./trump_extracted_text/jd_vance_dont_trust_the_polls.txt","trump",FALSE
"127",3971,"joe_rogan_endorses_trump_for_president.txt","",31,"2024-11-04","https://www.dailywire.com/news/joe-rogan-endorses-trump-for-president","./trump_extracted_text/joe_rogan_endorses_trump_for_president.txt","trump",FALSE
"128",3994,"kamala_losing_popular_vote_advantage_over_trump.txt","",32,"2024-10-22","https://www.dailywire.com/news/kamala-losing-popular-vote-advantage-over-trump","./trump_extracted_text/kamala_losing_popular_vote_advantage_over_trump.txt","trump",FALSE
"129",4018,"kamalas_campaign_outraised_team_trump_3_to_1_in_september.txt","",33,"2024-10-21","https://www.dailywire.com/news/kamalas-campaign-outraised-team-trump-3-to-1-in-september","./trump_extracted_text/kamalas_campaign_outraised_team_trump_3_to_1_in_september.txt","trump",TRUE
"130",4037,"let_the_states_run_the_schools_trump_promises_education_overhaul_during_fox_friends_interview.txt","",34,"2024-10-18","https://www.dailywire.com/news/let-the-states-run-the-schools-trump-promises-education-overhaul-during-fox-friends-interview","./trump_extracted_text/let_the_states_run_the_schools_trump_promises_education_overhaul_during_fox_friends_interview.txt","trump",FALSE
"131",4067,"man_arrested_with_guns_outside_trump_rally_speaks_out_these_accusations_are_complete_bulls.txt","",35,"2024-10-14","https://www.dailywire.com/news/man-arrested-with-guns-outside-trump-rally-speaks-out-these-accusations-are-complete-bulls","./trump_extracted_text/man_arrested_with_guns_outside_trump_rally_speaks_out_these_accusations_are_complete_bulls.txt","trump",FALSE
"132",4093,"man_badly_beats_trump_supporter_for_wearing_a_trump_2024_hat_police_say.txt","",36,"2024-11-02","https://www.dailywire.com/news/man-badly-beats-trump-supporter-for-wearing-a-trump-2024-hat-police-say","./trump_extracted_text/man_badly_beats_trump_supporter_for_wearing_a_trump_2024_hat_police_say.txt","trump",FALSE
"133",4116,"market_very_convinced_trump_is_going_to_win_billionaire_investor_says.txt","",37,"2024-10-16","https://www.dailywire.com/news/market-very-convinced-trump-is-going-to-win-billionaire-investor-says","./trump_extracted_text/market_very_convinced_trump_is_going_to_win_billionaire_investor_says.txt","trump",FALSE
"134",4148,"mike_lee_says_kamala_trolling_for_assassins_with_hitler_rhetoric.txt","",38,"2024-10-24","https://www.dailywire.com/news/mike-lee-says-kamala-trolling-for-assassins-with-hitler-rhetoric","./trump_extracted_text/mike_lee_says_kamala_trolling_for_assassins_with_hitler_rhetoric.txt","trump",FALSE
"135",4172,"mike_lee_slams_mitch_mcconnell_for_attacking_trump_maga_movement.txt","",39,"2024-10-24","https://www.dailywire.com/news/mike-lee-slams-mitch-mcconnell-for-attacking-trump-maga-movement","./trump_extracted_text/mike_lee_slams_mitch_mcconnell_for_attacking_trump_maga_movement.txt","trump",FALSE
"136",4195,"my_case_for_trump.txt","",40,"2024-11-04","https://www.dailywire.com/news/my-case-for-trump","./trump_extracted_text/my_case_for_trump.txt","trump",FALSE
"137",4224,"my_closing_statement_why_i_voted_trump.txt","",41,"2024-11-04","https://www.dailywire.com/news/my-closing-statement-why-i-voted-trump","./trump_extracted_text/my_closing_statement_why_i_voted_trump.txt","trump",FALSE
"138",4293,"nate_silver_publishes_two_dozen_reasons_why_trump_could_defeat_kamala.txt","",42,"2024-10-21","https://www.dailywire.com/news/nate-silver-publishes-two-dozen-reasons-why-trump-could-defeat-kamala","./trump_extracted_text/nate_silver_publishes_two_dozen_reasons_why_trump_could_defeat_kamala.txt","trump",FALSE
"139",4320,"nbc_news_pollster_breaks_down_broader_movement_favoring_trump_in_polls.txt","",43,"2024-10-27","https://www.dailywire.com/news/nbc-news-pollster-breaks-down-broader-movement-favoring-trump-in-polls","./trump_extracted_text/nbc_news_pollster_breaks_down_broader_movement_favoring_trump_in_polls.txt","trump",FALSE
"140",4343,"not_a_charity_event_trump_says_kamala_would_melt_down_if_elected_president.txt","",44,"2024-11-02","https://www.dailywire.com/news/not-a-charity-event-trump-says-kamala-would-melt-down-if-elected-president","./trump_extracted_text/not_a_charity_event_trump_says_kamala_would_melt_down_if_elected_president.txt","trump",FALSE
"141",4364,"not_encouraging_nyt_warns_kamala_in_trouble_as_poll_finds_her_tied_with_trump.txt","",45,"2024-10-25","https://www.dailywire.com/news/not-encouraging-nyt-warns-kamala-in-trouble-as-poll-finds-her-tied-with-trump","./trump_extracted_text/not_encouraging_nyt_warns_kamala_in_trouble_as_poll_finds_her_tied_with_trump.txt","trump",FALSE
"142",4385,"not_just_the_betting_markets_trump_takes_lead_in_battleground_state_polling.txt","",46,"2024-10-17","https://www.dailywire.com/news/not-just-the-betting-markets-trump-takes-lead-in-battleground-state-polling","./trump_extracted_text/not_just_the_betting_markets_trump_takes_lead_in_battleground_state_polling.txt","trump",FALSE
"143",4407,"october_surprise_media_launch_ugliest_anti_trump_smears_yet.txt","",47,"2024-10-23","https://www.dailywire.com/news/october-surprise-media-launch-ugliest-anti-trump-smears-yet","./trump_extracted_text/october_surprise_media_launch_ugliest_anti_trump_smears_yet.txt","trump",FALSE
"144",4457,"patently_false_former_senior_pence_advisers_refute_john_kellys_hitler_comments_about_trump.txt","",48,"2024-10-24","https://www.dailywire.com/news/patently-false-former-senior-pence-advisers-refute-john-kellys-hitler-comments-about-trump","./trump_extracted_text/patently_false_former_senior_pence_advisers_refute_john_kellys_hitler_comments_about_trump.txt","trump",FALSE
"145",4484,"poll_finds_israelis_overwhelmingly_favor_trump_over_kamala.txt","",49,"2024-10-29","https://www.dailywire.com/news/poll-finds-israelis-overwhelmingly-favor-trump-over-kamala","./trump_extracted_text/poll_finds_israelis_overwhelmingly_favor_trump_over_kamala.txt","trump",FALSE
"146",4514,"polling_averages_have_trump_up_in_every_battleground_state_building_lead.txt","",50,"2024-10-19","https://www.dailywire.com/news/polling-averages-have-trump-up-in-every-battleground-state-building-lead","./trump_extracted_text/polling_averages_have_trump_up_in_every_battleground_state_building_lead.txt","trump",FALSE
"147",4538,"race_to_the_middle_which_candidate_resonates_more_with_middle_america.txt","",51,"2024-10-26","https://www.dailywire.com/news/race-to-the-middle-which-candidate-resonates-more-with-middle-america","./trump_extracted_text/race_to_the_middle_which_candidate_resonates_more_with_middle_america.txt","trump",TRUE
"148",4575,"republican_senate_candidate_calls_to_keep_men_out_of_womens_sports.txt","",52,"2024-10-18","https://www.dailywire.com/news/republican-senate-candidate-calls-to-keep-men-out-of-womens-sports","./trump_extracted_text/republican_senate_candidate_calls_to_keep_men_out_of_womens_sports.txt","trump",FALSE
"149",4603,"spin_cycle_trumps_not_all_right_better_investigate_elon_musk.txt","",53,"2024-10-21","https://www.dailywire.com/news/spin-cycle-trumps-not-all-right-better-investigate-elon-musk","./trump_extracted_text/spin_cycle_trumps_not_all_right_better_investigate_elon_musk.txt","trump",FALSE
"150",4651,"stupid_people_made_these_deals_trump_spars_with_bloomberg_editor_in_chief_on_economy.txt","",54,"2024-10-15","https://www.dailywire.com/news/stupid-people-made-these-deals-trump-spars-with-bloomberg-editor-in-chief-on-economy","./trump_extracted_text/stupid_people_made_these_deals_trump_spars_with_bloomberg_editor_in_chief_on_economy.txt","trump",FALSE
"151",4712,"swing_state_showcase_everything_you_need_to_know_about_the_race_in_arizona.txt","",55,"2024-10-31","https://www.dailywire.com/news/swing-state-showcase-everything-you-need-to-know-about-the-race-in-arizona","./trump_extracted_text/swing_state_showcase_everything_you_need_to_know_about_the_race_in_arizona.txt","trump",FALSE
"152",4761,"swing_state_showcase_everything_you_need_to_know_about_the_race_in_georgia.txt","",56,"2024-10-30","https://www.dailywire.com/news/swing-state-showcase-everything-you-need-to-know-about-the-race-in-georgia","./trump_extracted_text/swing_state_showcase_everything_you_need_to_know_about_the_race_in_georgia.txt","trump",FALSE
"153",4805,"swing_state_showcase_everything_you_need_to_know_about_the_race_in_north_carolina.txt","",57,"2024-10-31","https://www.dailywire.com/news/swing-state-showcase-everything-you-need-to-know-about-the-race-in-north-carolina","./trump_extracted_text/swing_state_showcase_everything_you_need_to_know_about_the_race_in_north_carolina.txt","trump",FALSE
"154",4849,"swing_state_showcase_everything_you_need_to_know_about_the_race_in_pennsylvania.txt","",58,"2024-10-29","https://www.dailywire.com/news/swing-state-showcase-everything-you-need-to-know-about-the-race-in-pennsylvania","./trump_extracted_text/swing_state_showcase_everything_you_need_to_know_about_the_race_in_pennsylvania.txt","trump",FALSE
"155",4915,"swing_state_showcase_everything_you_need_to_know_about_the_race_in_wisconsin.txt","",59,"2024-10-30","https://www.dailywire.com/news/swing-state-showcase-everything-you-need-to-know-about-the-race-in-wisconsin","./trump_extracted_text/swing_state_showcase_everything_you_need_to_know_about_the_race_in_wisconsin.txt","trump",FALSE
"156",4967,"the_american_people_answered_the_call_trump_visits_helene_ravaged_north_carolina.txt","",60,"2024-10-21","https://www.dailywire.com/news/the-american-people-answered-the-call-trump-visits-helene-ravaged-north-carolina","./trump_extracted_text/the_american_people_answered_the_call_trump_visits_helene_ravaged_north_carolina.txt","trump",FALSE
"157",4989,"the_interview_was_fire_podcast_host_talks_to_charlamagne_tha_god_about_his_sit_down_with_trump.txt","",61,"2024-10-15","https://www.dailywire.com/news/the-interview-was-fire-podcast-host-talks-to-charlamagne-tha-god-about-his-sit-down-with-trump","./trump_extracted_text/the_interview_was_fire_podcast_host_talks_to_charlamagne_tha_god_about_his_sit_down_with_trump.txt","trump",FALSE
"158",5014,"the_new_republic_claims_republicans_cheat_to_win_elections_here_are_its_absurd_examples.txt","",62,"2024-10-22","https://www.dailywire.com/news/the-new-republic-claims-republicans-cheat-to-win-elections-here-are-its-absurd-examples","./trump_extracted_text/the_new_republic_claims_republicans_cheat_to_win_elections_here_are_its_absurd_examples.txt","trump",FALSE
"159",5038,"the_party_that_hates_men_is_wondering_why_theyre_losing_male_voters.txt","",63,"2024-10-14","https://www.dailywire.com/news/the-party-that-hates-men-is-wondering-why-theyre-losing-male-voters","./trump_extracted_text/the_party_that_hates_men_is_wondering_why_theyre_losing_male_voters.txt","trump",FALSE
"160",5094,"these_celebrities_say_theyre_voting_for_trump.txt","",64,"2024-11-04","https://www.dailywire.com/news/these-celebrities-say-theyre-voting-for-trump","./trump_extracted_text/these_celebrities_say_theyre_voting_for_trump.txt","trump",FALSE
"161",5127,"totally_incompetent_trump_reiterates_call_for_kamala_to_take_cognitive_test_after_fox_interview.txt","",65,"2024-10-17","https://www.dailywire.com/news/totally-incompetent-trump-reiterates-call-for-kamala-to-take-cognitive-test-after-fox-interview","./trump_extracted_text/totally_incompetent_trump_reiterates_call_for_kamala_to_take_cognitive_test_after_fox_interview.txt","trump",TRUE
"162",5149,"trump_at_msg_says_hes_running_against_something_far_bigger_than_kamala.txt","",66,"2024-10-27","https://www.dailywire.com/news/trump-at-msg-says-hes-running-against-something-far-bigger-than-kamala","./trump_extracted_text/trump_at_msg_says_hes_running_against_something_far_bigger_than_kamala.txt","trump",FALSE
"163",5173,"trump_blasts_dem_senators_attempts_to_tie_themselves_to_him_days_before_election.txt","",67,"2024-10-23","https://www.dailywire.com/news/trump-blasts-dem-senators-attempts-to-tie-themselves-to-him-days-before-election","./trump_extracted_text/trump_blasts_dem_senators_attempts_to_tie_themselves_to_him_days_before_election.txt","trump",FALSE
"164",5192,"trump_campaign_memo_describes_massive_turnout_deficit_for_dems_on_eve_of_election.txt","",68,"2024-11-04","https://www.dailywire.com/news/trump-campaign-memo-describes-massive-turnout-deficit-for-dems-on-eve-of-election","./trump_extracted_text/trump_campaign_memo_describes_massive_turnout_deficit_for_dems_on_eve_of_election.txt","trump",FALSE
"165",5214,"trump_campaign_responds_to_fake_news_claiming_he_called_for_liz_cheney_to_be_fired_upon.txt","",69,"2024-11-01","https://www.dailywire.com/news/trump-campaign-responds-to-fake-news-claiming-he-called-for-liz-cheney-to-be-fired-upon","./trump_extracted_text/trump_campaign_responds_to_fake_news_claiming_he_called_for_liz_cheney_to_be_fired_upon.txt","trump",FALSE
"166",5260,"trump_campaign_says_it_won_battle_in_pennsylvania_early_in_person_voting_can_continue.txt","",70,"2024-10-30","https://www.dailywire.com/news/trump-campaign-says-it-won-battle-in-pennsylvania-early-in-person-voting-can-continue","./trump_extracted_text/trump_campaign_says_it_won_battle_in_pennsylvania_early_in_person_voting_can_continue.txt","trump",FALSE
"167",5290,"trump_credits_god_with_saving_his_life_expresses_appreciation_for_gods_providence.txt","",71,"2024-10-18","https://www.dailywire.com/news/trump-credits-god-with-saving-his-life-expresses-appreciation-for-gods-providence","./trump_extracted_text/trump_credits_god_with_saving_his_life_expresses_appreciation_for_gods_providence.txt","trump",FALSE
"168",5317,"trump_demands_action_after_colorado_officials_say_voting_system_passwords_leaked.txt","",72,"2024-11-01","https://www.dailywire.com/news/trump-demands-action-after-colorado-officials-say-voting-system-passwords-leaked","./trump_extracted_text/trump_demands_action_after_colorado_officials_say_voting_system_passwords_leaked.txt","trump",FALSE
"169",5342,"trump_drops_new_policy_at_madison_square_garden_tax_credit_for_family_caregivers.txt","",73,"2024-10-27","https://www.dailywire.com/news/trump-drops-new-policy-at-madison-square-garden-tax-credit-for-family-caregivers","./trump_extracted_text/trump_drops_new_policy_at_madison_square_garden_tax_credit_for_family_caregivers.txt","trump",FALSE
"170",5376,"trump_gets_in_garbage_truck_to_address_bidens_garbage_insult.txt","",74,"2024-10-30","https://www.dailywire.com/news/trump-gets-in-garbage-truck-to-address-bidens-garbage-insult","./trump_extracted_text/trump_gets_in_garbage_truck_to_address_bidens_garbage_insult.txt","trump",FALSE
"171",5406,"trump_pledges_to_name_cabinet_member_dedicated_to_reducing_cost_of_living.txt","",75,"2024-10-31","https://www.dailywire.com/news/trump-pledges-to-name-cabinet-member-dedicated-to-reducing-cost-of-living","./trump_extracted_text/trump_pledges_to_name_cabinet_member_dedicated_to_reducing_cost_of_living.txt","trump",FALSE
"172",5428,"trump_promises_tariffs_on_all_products_from_mexico_until_it_curbs_flow_of_migrants_into_u_s.txt","",76,"2024-11-04","https://www.dailywire.com/news/trump-promises-tariffs-on-all-products-from-mexico-until-it-curbs-flow-of-migrants-into-u-s","./trump_extracted_text/trump_promises_tariffs_on_all_products_from_mexico_until_it_curbs_flow_of_migrants_into_u_s.txt","trump",FALSE
"173",5451,"trump_religious_exemption_to_ivf_mandate_is_a_pretty_good_idea.txt","",77,"2024-10-18","https://www.dailywire.com/news/trump-religious-exemption-to-ivf-mandate-is-a-pretty-good-idea","./trump_extracted_text/trump_religious_exemption_to_ivf_mandate_is_a_pretty_good_idea.txt","trump",FALSE
"174",5474,"trump_responds_to_biden_calling_74_million_americans_garbage.txt","",78,"2024-10-29","https://www.dailywire.com/news/trump-responds-to-biden-calling-74-million-americans-garbage","./trump_extracted_text/trump_responds_to_biden_calling_74_million_americans_garbage.txt","trump",FALSE
"175",5502,"trump_rips_kamalas_lie_that_hes_canceling_events.txt","",79,"2024-10-18","https://www.dailywire.com/news/trump-rips-kamalas-lie-that-hes-canceling-events","./trump_extracted_text/trump_rips_kamalas_lie_that_hes_canceling_events.txt","trump",FALSE
"176",5525,"trump_rocks_madison_square_garden_kamala_panics.txt","",80,"2024-10-28","https://www.dailywire.com/news/trump-rocks-madison-square-garden-kamala-panics","./trump_extracted_text/trump_rocks_madison_square_garden_kamala_panics.txt","trump",FALSE
"177",5553,"trump_says_intel_leak_on_israeli_militarys_plans_probably_came_from_defense_department.txt","",81,"2024-10-22","https://www.dailywire.com/news/trump-says-intel-leak-on-israeli-militarys-plans-probably-came-from-defense-department","./trump_extracted_text/trump_says_intel_leak_on_israeli_militarys_plans_probably_came_from_defense_department.txt","trump",FALSE
"178",5578,"trump_says_kamala_has_lost_catholic_support_after_unprecedented_targeting.txt","",82,"2024-10-25","https://www.dailywire.com/news/trump-says-kamala-has-lost-catholic-support-after-unprecedented-targeting","./trump_extracted_text/trump_says_kamala_has_lost_catholic_support_after_unprecedented_targeting.txt","trump",FALSE
"179",5600,"trump_says_kamala_is_running_a_campaign_of_absolute_hate.txt","",83,"2024-10-29","https://www.dailywire.com/news/trump-says-kamala-is-running-a-campaign-of-absolute-hate","./trump_extracted_text/trump_says_kamala_is_running_a_campaign_of_absolute_hate.txt","trump",FALSE
"180",5624,"trumps_bodyguard_describes_how_he_is_a_man_of_the_people.txt","",84,"2024-11-04","https://www.dailywire.com/news/trumps-bodyguard-describes-how-he-is-a-man-of-the-people","./trump_extracted_text/trumps_bodyguard_describes_how_he_is_a_man_of_the_people.txt","trump",FALSE
"181",5644,"trumps_cruising_kamalas_crashing.txt","",85,"2024-10-21","https://www.dailywire.com/news/trumps-cruising-kamalas-crashing","./trump_extracted_text/trumps_cruising_kamalas_crashing.txt","trump",TRUE
"182",5686,"trump_serves_fries_while_kamala_serves_lies.txt","",86,"2024-10-21","https://www.dailywire.com/news/trump-serves-fries-while-kamala-serves-lies","./trump_extracted_text/trump_serves_fries_while_kamala_serves_lies.txt","trump",FALSE
"183",5768,"trump_signals_he_will_ban_transgender_athletes_from_womens_sports_cant_have_it.txt","",87,"2024-10-16","https://www.dailywire.com/news/trump-signals-he-will-ban-transgender-athletes-from-womens-sports-cant-have-it","./trump_extracted_text/trump_signals_he_will_ban_transgender_athletes_from_womens_sports_cant_have_it.txt","trump",FALSE
"184",5792,"trumps_israel_ambassador_criticizes_jews_who_think_kamala_better_on_israel_fighting_anti_semitism.txt","",88,"2024-11-01","https://www.dailywire.com/news/trumps-israel-ambassador-criticizes-jews-who-think-kamala-better-on-israel-fighting-anti-semitism","./trump_extracted_text/trumps_israel_ambassador_criticizes_jews_who_think_kamala_better_on_israel_fighting_anti_semitism.txt","trump",FALSE
"185",5815,"trump_sues_cbs_news_for_10_billion_over_kamala_60_minutes_interview_edits.txt","",89,"2024-10-31","https://www.dailywire.com/news/trump-sues-cbs-news-for-10-billion-over-kamala-60-minutes-interview-edits","./trump_extracted_text/trump_sues_cbs_news_for_10_billion_over_kamala_60_minutes_interview_edits.txt","trump",FALSE
"186",5838,"trump_supporter_sues_cali_sheriff_for_accusing_him_of_trying_to_assassinate_trump.txt","",90,"2024-10-17","https://www.dailywire.com/news/trump-supporter-sues-cali-sheriff-for-accusing-him-of-trying-to-assassinate-trump","./trump_extracted_text/trump_supporter_sues_cali_sheriff_for_accusing_him_of_trying_to_assassinate_trump.txt","trump",FALSE
"187",5861,"trump_tells_6_year_old_his_favorite_farm_animal_and_how_kamalas_going_to_take_them_away.txt","",91,"2024-10-18","https://www.dailywire.com/news/trump-tells-6-year-old-his-favorite-farm-animal-and-how-kamalas-going-to-take-them-away","./trump_extracted_text/trump_tells_6_year_old_his_favorite_farm_animal_and_how_kamalas_going_to_take_them_away.txt","trump",FALSE
"188",5889,"trump_tells_supporters_biden_harris_have_treated_you_like_garbage.txt","",92,"2024-10-30","https://www.dailywire.com/news/trump-tells-supporters-biden-harris-have-treated-you-like-garbage","./trump_extracted_text/trump_tells_supporters_biden_harris_have_treated_you_like_garbage.txt","trump",FALSE
"189",5917,"trump_unveils_plan_to_seize_assets_from_gangs_and_drug_cartels_give_to_migrant_crime_victims.txt","",93,"2024-10-29","https://www.dailywire.com/news/trump-unveils-plan-to-seize-assets-from-gangs-and-drug-cartels-give-to-migrant-crime-victims","./trump_extracted_text/trump_unveils_plan_to_seize_assets_from_gangs_and_drug_cartels_give_to_migrant_crime_victims.txt","trump",FALSE
"190",5942,"trump_warns_that_black_neighborhoods_will_be_majority_migrant_if_kamala_wins.txt","",94,"2024-10-16","https://www.dailywire.com/news/trump-warns-that-black-neighborhoods-will-be-majority-migrant-if-kamala-wins","./trump_extracted_text/trump_warns_that_black_neighborhoods_will_be_majority_migrant_if_kamala_wins.txt","trump",FALSE
"191",5965,"trump_won_hearts_and_minds_during_nyc_court_battles_habba_says.txt","",95,"2024-10-27","https://www.dailywire.com/news/trump-won-hearts-and-minds-during-nyc-court-battles-habba-says","./trump_extracted_text/trump_won_hearts_and_minds_during_nyc_court_battles_habba_says.txt","trump",FALSE
"192",5986,"trump_works_fry_cooker_at_mcdonalds_roasts_kamala_ive_now_worked_15_minutes_more_than_she_has.txt","",96,"2024-10-20","https://www.dailywire.com/news/trump-works-fry-cooker-at-mcdonalds-roasts-kamala-ive-now-worked-15-minutes-more-than-she-has","./trump_extracted_text/trump_works_fry_cooker_at_mcdonalds_roasts_kamala_ive_now_worked_15_minutes_more_than_she_has.txt","trump",FALSE
"193",6034,"understand_whats_at_stake_heritage_president_urges_people_of_faith_to_vote_against_kamala.txt","",97,"2024-11-01","https://www.dailywire.com/news/understand-whats-at-stake-heritage-president-urges-people-of-faith-to-vote-against-kamala","./trump_extracted_text/understand_whats_at_stake_heritage_president_urges_people_of_faith_to_vote_against_kamala.txt","trump",FALSE
"194",6064,"wsj_dismisses_attacks_on_trumps_mental_decline_after_90_minute_interview.txt","",98,"2024-10-20","https://www.dailywire.com/news/wsj-dismisses-attacks-on-trumps-mental-decline-after-90-minute-interview","./trump_extracted_text/wsj_dismisses_attacks_on_trumps_mental_decline_after_90_minute_interview.txt","trump",FALSE
"195",6083,"you_have_to_fight_like_hell_trump_sits_down_with_bussin_with_the_boys_podcast.txt","",99,"2024-10-15","https://www.dailywire.com/news/you-have-to-fight-like-hell-trump-sits-down-with-bussin-with-the-boys-podcast","./trump_extracted_text/you_have_to_fight_like_hell_trump_sits_down_with_bussin_with_the_boys_podcast.txt","trump",FALSE
